fonts = [Agency FB, Agency FB Bold, Algerian, Arial, Arial Black, Arial Bold, Arial Bold Italic, Arial Italic, Arial Narrow, Arial Narrow Bold, Arial Narrow Bold Italic, Arial Narrow Italic, Arial Rounded MT Bold, Bahnschrift, Baskerville Old Face, Bauhaus 93, Bell MT, Bell MT Bold, Bell MT Italic, Berlin Sans FB, Berlin Sans FB Bold, Berlin Sans FB Demi Bold, Bernard MT Condensed, Blackadder ITC, Bodoni MT, Bodoni MT Black, Bodoni MT Black Italic, Bodoni MT Bold, Bodoni MT Bold Italic, Bodoni MT Condensed, Bodoni MT Condensed Bold, Bodoni MT Condensed Bold Italic, Bodoni MT Condensed Italic, Bodoni MT Italic, Bodoni MT Poster Compressed, Book Antiqua, Book Antiqua Bold, Book Antiqua Bold Italic, Book Antiqua Italic, Bookman Old Style, Bookman Old Style Bold, Bookman Old Style Bold Italic, Bookman Old Style Italic, Bookshelf Symbol 7, Bradley Hand ITC, Britannic Bold, Broadway, Brush Script MT Italic, Calibri, Calibri Bold, Calibri Bold Italic, Calibri Italic, Calibri Light, Calibri Light Italic, Californian FB, Californian FB Bold, Californian FB Italic, Calisto MT, Calisto MT Bold, Calisto MT Bold Italic, Calisto MT Italic, Cambria Bold, Cambria Bold Italic, Cambria Italic, Candara, Candara Bold, Candara Bold Italic, Candara Italic, Candara Light, Candara Light Italic, Castellar, Centaur, Century, Century Gothic, Century Gothic Bold, Century Gothic Bold Italic, Century Gothic Italic, Century Schoolbook, Century Schoolbook Bold, Century Schoolbook Bold Italic, Century Schoolbook Italic, Chiller, Colonna MT, Comic Sans MS, Comic Sans MS Bold, Comic Sans MS Bold Italic, Comic Sans MS Italic, Consolas, Consolas Bold, Consolas Bold Italic, Consolas Italic, Constantia, Constantia Bold, Constantia Bold Italic, Constantia Italic, Cooper Black, Copperplate Gothic Bold, Copperplate Gothic Light, Corbel, Corbel Bold, Corbel Bold Italic, Corbel Italic, Corbel Light, Corbel Light Italic, Courier New, Courier New Bold, Courier New Bold Italic, Courier New Italic, Curlz MT, Dubai Bold, Dubai Light, Dubai Medium, Dubai Regular, Ebrima, Ebrima Bold, Edwardian Script ITC, Elephant, Elephant Italic, Engravers MT, Eras Bold ITC, Eras Demi ITC, Eras Light ITC, Eras Medium ITC, Felix Titling, Footlight MT Light, Forte, Franklin Gothic Book, Franklin Gothic Book Italic, Franklin Gothic Demi, Franklin Gothic Demi Cond, Franklin Gothic Demi Italic, Franklin Gothic Heavy, Franklin Gothic Heavy Italic, Franklin Gothic Medium, Franklin Gothic Medium Cond, Franklin Gothic Medium Italic, Freestyle Script, French Script MT, Gabriola, Gadugi, Gadugi Bold, Garamond, Garamond Bold, Garamond Italic, Georgia, Georgia Bold, Georgia Bold Italic, Georgia Italic, Gigi, Gill Sans MT, Gill Sans MT Bold, Gill Sans MT Bold Italic, Gill Sans MT Condensed, Gill Sans MT Ext Condensed Bold, Gill Sans MT Italic, Gill Sans Ultra Bold, Gill Sans Ultra Bold Condensed, Gloucester MT Extra Condensed, Goudy Old Style, Goudy Old Style Bold, Goudy Old Style Italic, Goudy Stout, HP Simplified, HP Simplified Bold, HP Simplified Bold Italic, HP Simplified Hans Light, HP Simplified Hans Regular, HP Simplified Italic, HP Simplified Jpan Light, HP Simplified Jpan Regular, HP Simplified Light, HP Simplified Light Italic, Haettenschweiler, Harlow Solid Italic, Harrington, High Tower Text, High Tower Text Italic, HoloLens MDL2 Assets, Impact, Imprint MT Shadow, Informal Roman, Ink Free, Javanese Text, Jokerman, Juice ITC, Kristen ITC, Kunstler Script, Leelawadee UI, Leelawadee UI Bold, Leelawadee UI Semilight, Lucida Bright, Lucida Bright Demibold, Lucida Bright Demibold Italic, Lucida Bright Italic, Lucida Calligraphy Italic, Lucida Console, Lucida Fax Demibold, Lucida Fax Demibold Italic, Lucida Fax Italic, Lucida Fax Regular, Lucida Handwriting Italic, Lucida Sans Demibold Italic, Lucida Sans Demibold Roman, Lucida Sans Italic, Lucida Sans Regular, Lucida Sans Typewriter Bold, Lucida Sans Typewriter Bold Oblique, Lucida Sans Typewriter Oblique, Lucida Sans Typewriter Regular, Lucida Sans Unicode, MS Outlook, MS Reference Sans Serif, MS Reference Specialty, MT Extra, MV Boli, Magneto Bold, Maiandra GD, Malgun Gothic, Malgun Gothic Bold, Malgun Gothic Semilight, Marlett, Matura MT Script Capitals, Microsoft Himalaya, Microsoft New Tai Lue, Microsoft New Tai Lue Bold, Microsoft PhagsPa, Microsoft PhagsPa Bold, Microsoft Sans Serif, Microsoft Tai Le, Microsoft Tai Le Bold, Microsoft Yi Baiti, Mistral, Modern No. 20, Mongolian Baiti, Monotype Corsiva, Myanmar Text, Myanmar Text Bold, Niagara Engraved, Niagara Solid, Nirmala UI, Nirmala UI Bold, Nirmala UI Semilight, OCR A Extended, Old English Text MT, Onyx, Palace Script MT, Palatino Linotype, Palatino Linotype Bold, Palatino Linotype Bold Italic, Palatino Linotype Italic, Papyrus, Parchment, Perpetua, Perpetua Bold, Perpetua Bold Italic, Perpetua Italic, Perpetua Titling MT Bold, Perpetua Titling MT Light, Playbill, Poor Richard, Pristina, Rage Italic, Ravie, Rockwell, Rockwell Bold, Rockwell Bold Italic, Rockwell Condensed, Rockwell Condensed Bold, Rockwell Extra Bold, Rockwell Italic, Sans Serif Collection, Script MT Bold, Segoe Fluent Icons, Segoe MDL2 Assets, Segoe Print, Segoe Print Bold, Segoe Script, Segoe Script Bold, Segoe UI, Segoe UI Black, Segoe UI Black Italic, Segoe UI Bold, Segoe UI Bold Italic, Segoe UI Emoji, Segoe UI Historic, Segoe UI Italic, Segoe UI Light, Segoe UI Light Italic, Segoe UI Semibold, Segoe UI Semibold Italic, Segoe UI Semilight, Segoe UI Semilight Italic, Segoe UI Symbol, Segoe UI Variable, Showcard Gothic, SimSun-ExtB, Sitka Text, Sitka Text Italic, Snap ITC, Stencil, Sylfaen, Symbol, Tahoma, Tahoma Bold, Tempus Sans ITC, Times New Roman, Times New Roman Bold, Times New Roman Bold Italic, Times New Roman Italic, Trebuchet MS, Trebuchet MS Bold, Trebuchet MS Bold Italic, Trebuchet MS Italic, Tw Cen MT, Tw Cen MT Bold, Tw Cen MT Bold Italic, Tw Cen MT Condensed, Tw Cen MT Condensed Bold, Tw Cen MT Condensed Extra Bold, Tw Cen MT Italic, Verdana, Verdana Bold, Verdana Bold Italic, Verdana Italic, Viner Hand ITC, Vivaldi Italic, Vladimir Script, Webdings, Wide Latin, Wingdings, Wingdings 2, Wingdings 3, 仿宋, 华文中宋, 华文仿宋, 华文宋体, 华文彩云, 华文新魏, 华文楷体, 华文琥珀, 华文细黑, 华文行楷, 华文隶书, 幼圆, 方正姚体, 方正舒体, 楷体, 等线, 等线 Bold, 等线 Light, 隶书, 黑体]